url,full_title_tesim,spotlight_upload_attribution_tesim,spotlight_upload_date_tesim
http://library.ucsd.edu/dc/object/bb0001482w/_4_2.jpg,"Locus R09L059, Area R, Area Stratum R1b/R2a, FILL",,
http://library.ucsd.edu/dc/object/bb14349428/_5_2.jpg,"Locus 105, Area R, Area Stratum 3",,
http://library.ucsd.edu/dc/object/bb84998519/_6_2.jpg,"Locus w09l114, Area W, Area Stratum IB, FILL",,
http://library.ucsd.edu/dc/object/bb54281557/_2_2.jpg,"Locus 813, Area F, Area Stratum F2b, WALL",,
http://library.ucsd.edu/dc/object/bb6179016z/_2_2.jpg,"Locus 702, Area M, Area Stratum M1b",,
http://library.ucsd.edu/dc/object/bb0513432d/_2_2.jpg,"Locus 723, Area M, Area Stratum M2a",,
http://library.ucsd.edu/dc/object/bb7373565m/_2_2.jpg,"Locus 705, Area M, Area Stratum M1b",,
http://library.ucsd.edu/dc/object/bb47455516/_3_2.jpg,"Locus w09l119, Area W, Area Stratum 3, SLAG LAYER",,
http://library.ucsd.edu/dc/object/bb3721651x/_4_2.jpg,"Locus 1508, Area T, Area Stratum T1b, WALL COLL W/ FILL",,
http://library.ucsd.edu/dc/object/bb18103720/_2_2.jpg,"Locus 174, Area A, Area Stratum A2b, FILL",,
http://library.ucsd.edu/dc/object/bb2254064m/_4_2.jpg,"Locus 1560, Area T, Area Stratum T2a, MUDBRICK",,
http://library.ucsd.edu/dc/object/bb3414486w/_2_2.jpg,"Locus 1828, Area R, Area Stratum R3a, FILL",,
http://library.ucsd.edu/dc/object/bb5189243t/_3_2.jpg,"Locus R09L099, Area R, Area Stratum R3a, SLAG LAYER",,
http://library.ucsd.edu/dc/object/bb3448611m/_3_2.jpg,"Locus R09L031, Area R, Area Stratum R1b, FILL",,
http://library.ucsd.edu/dc/object/bb1912761z/_2_2.jpg,"Locus 831, Area F, Area Stratum F1a, FILL/WALL COLLASPE",,
http://library.ucsd.edu/dc/object/bb1332549x/_2_2.jpg,"Locus 176, Area A, Area Stratum A1a, WALL COLLAPSE",,
http://library.ucsd.edu/dc/object/bb61107493/_6_2.jpg,"Locus 1526, Area T, Area Stratum T1b, WALL COLL W/FILL",,
http://library.ucsd.edu/dc/object/bb7714861d/_4_2.jpg,"Locus 58, Area A, Area Stratum IVa, FILL",,
http://library.ucsd.edu/dc/object/bb3721650d/_3_2.jpg,"Locus R09L119, Area R, Area Stratum R3a, SLAG LAYER",,
http://library.ucsd.edu/dc/object/bb7134657t/_4_2.jpg,"Locus 1520, Area T, Area Stratum T1b, FILL",,
http://library.ucsd.edu/dc/object/bb0513430c/_4_2.jpg,"Locus 735, Area M, Area Stratum 2a",,
http://library.ucsd.edu/dc/object/bb26636236/_2_2.jpg,"Locus 628, Area M, Area Stratum M2a, FILL",,
http://library.ucsd.edu/dc/object/bb8260939c/_2_2.jpg,"Locus 865, Area F, Area Stratum F2b, FILL",,
http://library.ucsd.edu/dc/object/bb2083411g/_4_2.jpg,"Locus 1511, Area T, Area Stratum T1b, WALL COLL W/FILL",,
http://library.ucsd.edu/dc/object/bb5325763s/_5_2.jpg,"Locus R09L010, Area R, Area Stratum R2a/R2b, FILL",,
http://library.ucsd.edu/dc/object/bb71346569/_2_2.jpg,"Locus 672, Area M, Area Stratum 1a, FILL",,
http://library.ucsd.edu/dc/object/bb9489623x/_2_2.jpg,"Locus 190, Area A, Area Stratum A3+A2b, FURNACE",,
http://library.ucsd.edu/dc/object/bb2561233q/_5_2.jpg,"Locus R09L100, Area R, Area Stratum R1b, FILL",,
http://library.ucsd.edu/dc/object/bb1332552s/_3_2.jpg,"Locus R09L141, Area R, Area Stratum R2b, STRUCTURE",,
http://library.ucsd.edu/dc/object/bb54622813/_5_2.jpg,"Locus 77, Area A, Area Stratum IIb, FILL",,
http://library.ucsd.edu/dc/object/bb1298425v/_2_2.jpg,"Locus 191, Area A, Area Stratum A3+A2b, INSTALLATION",,
http://library.ucsd.edu/dc/object/bb5394019k/_3_2.jpg,"Locus w09l097, Area W, Area Stratum 2BII FLOOR 2, FLOOR",,
http://library.ucsd.edu/dc/object/bb7134655s/_3_2.jpg,"Locus 59, Area A, Area Stratum IVa, FILL",,
http://library.ucsd.edu/dc/object/bb84657203/_2_2.jpg,"Locus 604, Area M, Area Stratum M1a, FILL",,
http://library.ucsd.edu/dc/object/bb3687520x/_2_2.jpg,"Locus 616, Area M, Area Stratum M2, SLAG LAYER",,
http://library.ucsd.edu/dc/object/bb0445176p/_4_2.jpg,"Locus 30, Area A, Area Stratum IIa, FILL",,
http://library.ucsd.edu/dc/object/bb22540654/_6_2.jpg,"Locus 1515, Area T, Area Stratum T1b, WALL COLL W/FILL",,
http://library.ucsd.edu/dc/object/bb5223376v/_5_2.jpg,"Locus R09L070, Area R, Area Stratum R3a, SLAG LAYER",,
http://library.ucsd.edu/dc/object/bb76807315/_5_2.jpg,"Locus 158, Area A, Area Stratum A1b, FILL",,
http://library.ucsd.edu/dc/object/bb5803581z/_8_2.jpg,"Locus R09L101, Area R, Area Stratum R1b, FILL",,
http://library.ucsd.edu/dc/object/bb34486124/_2_2.jpg,"Locus w09l049, Area W, Area Stratum IB, WALL COLLAPSE",,
http://library.ucsd.edu/dc/object/bb04451755/_2_2.jpg,"Locus 615, Area M, Area Stratum M2, SLAG LAYER",,
http://library.ucsd.edu/dc/object/bb9455491k/_3_2.jpg,"Locus 12, Area A, Area Stratum Ib, FILL",,
http://library.ucsd.edu/dc/object/bb8431595c/_2_2.jpg,"Locus 1803, Area R, Area Stratum R1b, WALL COLLAPSE",,
http://library.ucsd.edu/dc/object/bb5974235p/_2_2.jpg,"Locus 163, Area A, Area Stratum A1b, FILL",,
http://library.ucsd.edu/dc/object/bb25612347/_2_2.jpg,"Locus R09L120, Area R, Area Stratum R2b, WALL",,
http://library.ucsd.edu/dc/object/bb8295076x/_5_2.jpg,"Locus w09l066, Area W, Area Stratum 2AI, FILL",,
http://library.ucsd.edu/dc/object/bb8226809f/_4_2.jpg,"Locus 707, Area M, Area Stratum M2a",,
http://library.ucsd.edu/dc/object/bb1707981t/_2_2.jpg,"Locus 622, Area M, Area Stratum M2, SLAG LAYER",,
http://library.ucsd.edu/dc/object/bb9455493m/_4_2.jpg,"Locus R09L075, Area R, Area Stratum R1b, FILL",,
http://library.ucsd.edu/dc/object/bb5223377c/_2_2.jpg,"Locus 802, Area F, Area Stratum F1a, FILL",,
http://library.ucsd.edu/dc/object/bb7714862x/_2_2.jpg,"Locus R09L005, Area R, Area Stratum R2b, SLAG LAYER",,
http://library.ucsd.edu/dc/object/bb3209706c/_3_2.jpg,"Locus R09L029, Area R, Area Stratum R1b, FILL",,
http://library.ucsd.edu/dc/object/bb4745550p/_9_2.jpg,"Locus 1507, Area T, Area Stratum T1b, WALL COLL W/ FILL",,
http://library.ucsd.edu/dc/object/bb0274521h/_4_2.jpg,"Locus R09L038, Area R, Area Stratum R1b, FILL",,
http://library.ucsd.edu/dc/object/bb53257628/_2_2.jpg,"Locus 721, Area M, Area Stratum 2a",,
http://library.ucsd.edu/dc/object/bb1707984c/_2_2.jpg,"Locus 670, Area M, Area Stratum M4, SLAG LAYER",,
http://library.ucsd.edu/dc/object/bb40629513/_2_2.jpg,"Locus 671, Area M, Area Stratum M4, SLAG LAYER",,
http://library.ucsd.edu/dc/object/bb0411044z/_6_2.jpg,"Locus 296, Area S, Area Stratum I, SILTY SED",,
http://library.ucsd.edu/dc/object/bb6315531b/_4_2.jpg,"Locus 504, Area M, Area Stratum Ib",,
http://library.ucsd.edu/dc/object/bb9728532s/_3_2.jpg,"Locus 103, Area A, Area Stratum IIb, FILL",,
http://library.ucsd.edu/dc/object/bb9830920g/_3_2.jpg,"Locus w09l078, Area W, Area Stratum 2AI, FILL",,
http://library.ucsd.edu/dc/object/bb9114192s/_2_2.jpg,"Locus R09L069, Area R, Area Stratum R1a, WALL COLLAPSE",,
http://library.ucsd.edu/dc/object/bb4131211t/_3_2.jpg,"Locus 44, Area A, Area Stratum Ib, FILL",,
http://library.ucsd.edu/dc/object/bb85339829/_2_2.jpg,"Locus 290, Area S, Area Stratum II B, WALL",,
http://library.ucsd.edu/dc/object/bb2731882v/_8_2.jpg,"Locus 1517, Area T, Area Stratum T1b, FILL",,
http://library.ucsd.edu/dc/object/bb6895741g/_4_2.jpg,"Locus 1551, Area T, Area Stratum T2a, FILL",,
http://library.ucsd.edu/dc/object/bb4882075m/_2_2.jpg,"Locus 160, Area A, Area Stratum A1b, FILL",,
http://library.ucsd.edu/dc/object/bb02403958/_2_2.jpg,"Locus 855, Area F, Area Stratum F2a, FILL",,
http://library.ucsd.edu/dc/object/bb35168729/_4_2.jpg,"Locus 1596, Area T, Area Stratum T3, FILL",,
http://library.ucsd.edu/dc/object/bb5428156r/_2_2.jpg,"Locus R09L013, Area R, Area Stratum R1b, FILL",,
http://library.ucsd.edu/dc/object/bb1673851k/_3_2.jpg,"Locus 1521, Area T, Area Stratum T2a, ASH LAYER",,
http://library.ucsd.edu/dc/object/bb15032020/_4_2.jpg,"Locus R09L096, Area R, Area Stratum R3a, SLAG LAYER",,
http://library.ucsd.edu/dc/object/bb4335992p/_7_2.jpg,"Locus 274, Area S, Area Stratum I, SILTY SED",,
http://library.ucsd.edu/dc/object/bb4540770s/_5_2.jpg,"Locus 337, Area S, Area Stratum II B, SURFACE",,
http://library.ucsd.edu/dc/object/bb89776695/_2_2.jpg,"Locus R09L095, Area R, Area Stratum R2b, WALL",,
http://library.ucsd.edu/dc/object/bb39605649/_2_2.jpg,"Locus R09L092, Area R, Area Stratum R3a, ASH LAYER",,
http://library.ucsd.edu/dc/object/bb4438383m/_4_2.jpg,"Locus 322, Area S, Area Stratum II A, FILL",,
http://library.ucsd.edu/dc/object/bb5394020d/_2_2.jpg,"Locus R09L142, Area R, Area Stratum R3a, INSTALLATION",,
http://library.ucsd.edu/dc/object/bb7748992m/_7_2.jpg,"Locus w09l055, Area W, Area Stratum IA, WALL COLL W/ FILL",,
http://library.ucsd.edu/dc/object/bb21175406/_2_2.jpg,"Locus 905, Area F, Area Stratum F2, SLAG LAYER",,
http://library.ucsd.edu/dc/object/bb0001485f/_5_2.jpg,"Locus 95, Area A, Area Stratum IVa, FILL",,
http://library.ucsd.edu/dc/object/bb5598799x/_4_2.jpg,"Locus R09L034, Area R, Area Stratum R1b, FILL",,
http://library.ucsd.edu/dc/object/bb1776239n/_2_2.jpg,"Locus 685, Area M, Area Stratum M1b",,
http://library.ucsd.edu/dc/object/bb2049280d/_4_2.jpg,"Locus 56, Area A, Area Stratum III, ASHFILL",,
http://library.ucsd.edu/dc/object/bb4301861g/_2_2.jpg,"Locus w09l088, Area W, Area Stratum 2BII FLOOR 1, FILL",,
http://library.ucsd.edu/dc/object/bb7646604s/_7_2.jpg,"Locus w09l099, Area W, Area Stratum 3, ASH LAYER",,
http://library.ucsd.edu/dc/object/bb03086507/_2_2.jpg,"Locus 900, Area F, Area Stratum F2b, FILL",,
http://library.ucsd.edu/dc/object/bb7544211r/_11_2.jpg,"Locus 275, Area S, Area Stratum I, SILTY SED",,
http://library.ucsd.edu/dc/object/bb5667064j/_4_2.jpg,"Locus 14, Area A, Area Stratum IIa, FILL",,
http://library.ucsd.edu/dc/object/bb6042491n/_3_2.jpg,"Locus R09L125, Area R, Area Stratum R1a, FILL",,
http://library.ucsd.edu/dc/object/bb0308651r/_5_2.jpg,"Locus w09l116, Area W, Area Stratum 2BI, WALL COLLAPSE",,
http://library.ucsd.edu/dc/object/bb32438306/_2_2.jpg,"Locus 1831, Area R, Area Stratum R2a-b, FILL OVER SURFACE",,
http://library.ucsd.edu/dc/object/bb7168783f/_9_2.jpg,"Locus R09L129, Area R, Area Stratum R2a/R2b, FLOOR",,
http://library.ucsd.edu/dc/object/bb7885514m/_2_2.jpg,"Locus 613, Area M, Area Stratum M1b, FILL",,
http://library.ucsd.edu/dc/object/bb1503205j/_2_2.jpg,"Locus 1814, Area R, Area Stratum R2a-b, FILL",,
http://library.ucsd.edu/dc/object/bb46090308/_4_2.jpg,"Locus 84, Area A, Area Stratum IIb, FILL",,
http://library.ucsd.edu/dc/object/bb9421361w/_3_2.jpg,"Locus 1838, Area R, Area Stratum R1a, TOP SOIL",,
http://library.ucsd.edu/dc/object/bb0035611p/_2_2.jpg,"Locus 612, Area M, Area Stratum M2a/2b, SLAG LAYER",,
http://library.ucsd.edu/dc/object/bb9557880j/_4_2.jpg,"Locus 1567, Area T, Area Stratum T3, SLAG LAYER",,
http://library.ucsd.edu/dc/object/bb4609031s/_2_2.jpg,"Locus R09L130, Area R, Area Stratum R3a, SLAG LAYER",,
http://library.ucsd.edu/dc/object/bb47114221/_4_2.jpg,"Locus w09l083, Area W, Area Stratum 2AI, FILL",,
http://library.ucsd.edu/dc/object/bb97285339/_2_2.jpg,"Locus 26, Area A, Area Stratum IIb, FILL",,
http://library.ucsd.edu/dc/object/bb1161903q/_3_2.jpg,"Locus R09L047, Area R, Area Stratum R3a, SLAG LAYER",,
http://library.ucsd.edu/dc/object/bb2049282f/_2_2.jpg,"Locus 1804, Area R, Area Stratum R1b, WALL COLLAPSE",,
http://library.ucsd.edu/dc/object/bb3755781m/_2_2.jpg,"Locus 732, Area M, Area Stratum M2b",,
http://library.ucsd.edu/dc/object/bb8192683z/_2_2.jpg,"Locus R09L014, Area R, Area Stratum R1a, WALL COLLAPSE",,
http://library.ucsd.edu/dc/object/bb0240392q/_6_2.jpg,"Locus 1547, Area T, Area Stratum T2a, ASH LAYER",,
http://library.ucsd.edu/dc/object/bb5018594p/_7_2.jpg,"Locus 1559, Area T, Area Stratum T2a, ASHFILL",,
http://library.ucsd.edu/dc/object/bb1707985w/_4_2.jpg,"Locus w09l071, Area W, Area Stratum 2AI",,
http://library.ucsd.edu/dc/object/bb33462188/_2_2.jpg,"Locus 632, Area M, Area Stratum M2b, WALL",,
http://library.ucsd.edu/dc/object/bb4335989t/_2_2.jpg,"Locus 883, Area F, Area Stratum F2a, ASH LAYER",,
http://library.ucsd.edu/dc/object/bb7510082z/_2_2.jpg,"Locus 727, Area M, Area Stratum M2a",,
http://library.ucsd.edu/dc/object/bb52916300/_2_2.jpg,"Locus 848, Area F, Area Stratum F1a, TOP SOIL",,
http://library.ucsd.edu/dc/object/bb9250714v/_2_2.jpg,"Locus 667, Area M, Area Stratum M4, SLAG LAYER",,
http://library.ucsd.edu/dc/object/bb5086853d/_3_2.jpg,"Locus 734, Area M, Area Stratum 2a",,
http://library.ucsd.edu/dc/object/bb63837930/_3_2.jpg,"Locus 23, Area A, Area Stratum Ib, FILL",,
http://library.ucsd.edu/dc/object/bb9796792d/_2_2.jpg,"Locus 886, Area F, Area Stratum BR, FILL",,
http://library.ucsd.edu/dc/object/bb66568299/_2_2.jpg,"Locus 1809, Area R, Area Stratum R2a, INSTALLATION",,
http://library.ucsd.edu/dc/object/bb9250715c/_2_2.jpg,"Locus w09l077, Area W, Area Stratum 2AI, WALL",,
http://library.ucsd.edu/dc/object/bb3824043c/_3_2.jpg,"Locus 334, Area S, Area Stratum II A, FILL",,
http://library.ucsd.edu/dc/object/bb9489625z/_2_2.jpg,"Locus 1834, Area R, Area Stratum R2b, FILL OVER SURFACE",,
http://library.ucsd.edu/dc/object/bb4199470p/_2_2.jpg,"Locus 803, Area F, Area Stratum F1a, FILL",,
http://library.ucsd.edu/dc/object/bb02745200/_2_2.jpg,"Locus 1812, Area R, Area Stratum R2b, WALL",,
http://library.ucsd.edu/dc/object/bb14008112/_3_2.jpg,"Locus 1601, Area T, Area Stratum T3, SLAG LAYER",,
http://library.ucsd.edu/dc/object/bb0103871v/_4_2.jpg,"Locus 699, Area M, Area Stratum M1b",,
http://library.ucsd.edu/dc/object/bb0138002m/_3_2.jpg,"Locus R09L007, Area R, Area Stratum R2b, WALL",,
http://library.ucsd.edu/dc/object/bb1298423t/_2_2.jpg,"Locus R09L118, Area R, Area Stratum R1b, FILL",,
http://library.ucsd.edu/dc/object/bb4267734j/_12_2.jpg,"Locus R09L056, Area R, Area Stratum R2a/R2b, FLOOR",,
http://library.ucsd.edu/dc/object/bb59742345/_2_2.jpg,"Locus 617, Area M, Area Stratum M2, SLAG LAYER",,
http://library.ucsd.edu/dc/object/bb5325765t/_2_2.jpg,"Locus w09l027, Area W, Area Stratum 2BI, WALL",,
http://library.ucsd.edu/dc/object/bb5905971f/_5_2.jpg,"Locus R09L057, Area R, Area Stratum R1b/R2a, ASH LAYER",,
http://library.ucsd.edu/dc/object/bb6110752z/_4_2.jpg,"Locus w09l098, Area W, Area Stratum IB, FILL",,
http://library.ucsd.edu/dc/object/bb6110750x/_6_2.jpg,"Locus 1578, Area T, Area Stratum T2b, FILL",,
http://library.ucsd.edu/dc/object/bb9489621w/_2_2.jpg,"Locus R09L050, Area R, Area Stratum R1b, FILL",,
http://library.ucsd.edu/dc/object/bb5496410w/_2_2.jpg,"Locus 842, Area F, Area Stratum F2a, FILL",,
http://library.ucsd.edu/dc/object/bb50527226/_2_2.jpg,"Locus 748, Area M, Area Stratum M2b",,
http://library.ucsd.edu/dc/object/bb9523752w/_3_2.jpg,"Locus 29, Area A, Area Stratum IIb, FILL",,
http://library.ucsd.edu/dc/object/bb1605594w/_2_2.jpg,"Locus 894, Area F, Area Stratum F2b, MUDBRICK FILL",,
http://library.ucsd.edu/dc/object/bb48479426/_2_2.jpg,"Locus 729, Area M, Area Stratum M2",,
http://library.ucsd.edu/dc/object/bb1981020m/_7_2.jpg,"Locus R09L049, Area R, Area Stratum R1b, FILL",,
http://library.ucsd.edu/dc/object/bb5359890x/_2_2.jpg,"Locus 53, Area A, Area Stratum III, ASH LAYER",,
http://library.ucsd.edu/dc/object/bb0138000k/_3_2.jpg,"Locus 96, Area A, Area Stratum IVb, FILL",,
http://library.ucsd.edu/dc/object/bb0547563m/_2_2.jpg,"Locus 1853, Area R, Area Stratum R3a, FILL",,
http://library.ucsd.edu/dc/object/bb5359893g/_5_2.jpg,"Locus R09L073, Area R, Area Stratum R3a, SLAG LAYER",,
http://library.ucsd.edu/dc/object/bb4950332v/_4_2.jpg,"Locus 74, Area A, Area Stratum IIb, FILL",,
http://library.ucsd.edu/dc/object/bb18786320/_2_2.jpg,"Locus 754, Area M, Area Stratum M2b",,
http://library.ucsd.edu/dc/object/bb17762384/_4_2.jpg,"Locus 698, Area M, Area Stratum M1b",,
http://library.ucsd.edu/dc/object/bb14008133/_2_2.jpg,"Locus 653, Area M, Area Stratum M2a, SLAG LAYER",,
http://library.ucsd.edu/dc/object/bb48820722/_2_2.jpg,"Locus 1545, Area T, Area Stratum T2b, WALL",,
http://library.ucsd.edu/dc/object/bb6076624h/_4_2.jpg,"Locus w09l126, Area W, Area Stratum 2AI, ASHFILL",,
http://library.ucsd.edu/dc/object/bb5803582g/_2_2.jpg,"Locus 1827, Area R, Area Stratum R3a, SLAG LAYER",,
http://library.ucsd.edu/dc/object/bb4882071j/_2_2.jpg,"Locus R09L080, Area R, Area Stratum R1b, WALL COLLAPSE",,
http://library.ucsd.edu/dc/object/bb0479299f/_2_2.jpg,"Locus R09L018, Area R, Area Stratum R1a, FILL",,
http://library.ucsd.edu/dc/object/bb9318972r/_6_2.jpg,"Locus 624, Area M, Area Stratum M1b, FILL",,
http://library.ucsd.edu/dc/object/bb8329204r/_3_2.jpg,"Locus 54, Area A, Area Stratum III, ASHFILL",,
http://library.ucsd.edu/dc/object/bb02062639/_2_2.jpg,"Locus 912, Area F, Area Stratum BR, FILL",,
http://library.ucsd.edu/dc/object/bb9626141s/_14_2.jpg,"Locus w09l103, Area W, Area Stratum 2BII FLOOR 1, FLOOR",,
http://library.ucsd.edu/dc/object/bb1093645z/_9_2.jpg,"Locus 305, Area S, Area Stratum I/II A, SILTY SED",,
http://library.ucsd.edu/dc/object/bb32097029/_6_2.jpg,"Locus w09l127, Area W, Area Stratum 2A FLOOR, FILL",,
http://library.ucsd.edu/dc/object/bb7373561j/_2_2.jpg,"Locus 902, Area F, Area Stratum F2, SLAG LAYER",,
http://library.ucsd.edu/dc/object/bb85681111/_2_2.jpg,"Locus 804, Area F, Area Stratum F1a, WALL COLLAPSE",,
http://library.ucsd.edu/dc/object/bb71005232/_2_2.jpg,"Locus 602, Area M, Area Stratum M2, FILL OVER SURFACE",,
http://library.ucsd.edu/dc/object/bb57694520/_2_2.jpg,"Locus 869, Area F, Area Stratum F2a, STONE BASIN",,
http://library.ucsd.edu/dc/object/bb73735643/_2_2.jpg,"Locus 1591, Area T, Area Stratum T3, DOOR SOCKET",,
http://library.ucsd.edu/dc/object/bb76807336/_5_2.jpg,"Locus 36, Area A, Area Stratum III, ASHFILL",,
http://library.ucsd.edu/dc/object/bb03427826/_5_2.jpg,"Locus 1542, Area T, Area Stratum T2b, ASH LAYER",,
http://library.ucsd.edu/dc/object/bb2663626r/_2_2.jpg,"Locus 832, Area F, Area Stratum F1a, TOP SOIL",,
http://library.ucsd.edu/dc/object/bb09912522/_4_2.jpg,"Locus R09L040, Area R, Area Stratum R1a, WALL COLLAPSE",,
http://library.ucsd.edu/dc/object/bb5632931c/_4_2.jpg,"Locus 1516, Area T, Area Stratum T1b, WALL COLLAPSE",,
http://library.ucsd.edu/dc/object/bb2595363d/_2_2.jpg,"Locus w09l065, Area W, Area Stratum 2AI, FILL",,
http://library.ucsd.edu/dc/object/bb49503290/_2_2.jpg,"Locus w09l101, Area W, Area Stratum 2AII, STAIRS",,
http://library.ucsd.edu/dc/object/bb3789911x/_3_2.jpg,"Locus 41, Area A, Area Stratum III, FILL",,
http://library.ucsd.edu/dc/object/bb52233739/_6_2.jpg,"Locus 1504, Area T, Area Stratum T1b, WALL COLL W/ FILL",,
http://library.ucsd.edu/dc/object/bb43359915/_2_2.jpg,"Locus 630, Area M, Area Stratum M2a, FILL",,
http://library.ucsd.edu/dc/object/bb8397466d/_3_2.jpg,"Locus 633, Area M, Area Stratum M1b, FILL",,
http://library.ucsd.edu/dc/object/bb8431592t/_9_2.jpg,"Locus w09l095, Area W, Area Stratum 2BII, FILL",,
http://library.ucsd.edu/dc/object/bb76807357/_5_2.jpg,"Locus 1582, Area T, Area Stratum T3, FILL",,
http://library.ucsd.edu/dc/object/bb0581691h/_2_2.jpg,"Locus 874, Area F, Area Stratum F2a, FILL",,
http://library.ucsd.edu/dc/object/bb68274859/_2_2.jpg,"Locus 868, Area F, Area Stratum F2a, ASH LAYER",,
http://library.ucsd.edu/dc/object/bb20151559/_2_2.jpg,"Locus 1505, Area T, Area Stratum T2b, WALL",,
http://library.ucsd.edu/dc/object/bb09912501/_4_2.jpg,"Locus w09l115, Area W, Area Stratum 3, FILL",,
http://library.ucsd.edu/dc/object/bb7441820t/_4_2.jpg,"Locus 83, Area A, Area Stratum IIb, FILL",,
http://library.ucsd.edu/dc/object/bb9626143t/_4_2.jpg,"Locus R09L093, Area R, Area Stratum R3a, SLAG LAYER",,
http://library.ucsd.edu/dc/object/bb3721653z/_2_2.jpg,"Locus 694, Area M, Area Stratum M1a",,
http://library.ucsd.edu/dc/object/bb3380352k/_3_2.jpg,"Locus R09L143, Area R, Area Stratum R2b, FLOOR",,
http://library.ucsd.edu/dc/object/bb8295071b/_3_2.jpg,"Locus R09L083, Area R, Area Stratum R1b, FILL",,
http://library.ucsd.edu/dc/object/bb5598800c/_2_2.jpg,"Locus 157, Area A, Area Stratum A2a, FURNACE FRAGMENT",,
http://library.ucsd.edu/dc/object/bb0206265b/_5_2.jpg,"Locus 1553, Area T, Area Stratum T2a, FILL",,
http://library.ucsd.edu/dc/object/bb7373563k/_3_2.jpg,"Locus 177, Area A, Area Stratum A1b, FILL",,
http://library.ucsd.edu/dc/object/bb8568109p/_4_2.jpg,"Locus 49, Area A, Area Stratum IIb, FILL",,
http://library.ucsd.edu/dc/object/bb9592013k/_5_2.jpg,"Locus 28, Area A, Area Stratum IIa, ASHFILL",,
http://library.ucsd.edu/dc/object/bb1776240g/_2_2.jpg,"Locus 1847, Area R, Area Stratum R3a, METALLURGY LAYER",,
http://library.ucsd.edu/dc/object/bb3380350j/_2_2.jpg,"Locus 619, Area M, Area Stratum M2a, SLAG LAYER",,
http://library.ucsd.edu/dc/object/bb0888864f/_2_2.jpg,"Locus 722, Area M, Area Stratum M2",,
http://library.ucsd.edu/dc/object/bb0888863x/_2_2.jpg,"Locus 356, Area S, Area Stratum IV",,
http://library.ucsd.edu/dc/object/bb2185800f/_8_2.jpg,"Locus w09l122, Area W, Area Stratum 2AI, FILL",,
http://library.ucsd.edu/dc/object/bb80220309/_2_2.jpg,"Locus 859, Area F, Area Stratum F2a, FILL",,
http://library.ucsd.edu/dc/object/bb9353103r/_2_2.jpg,"Locus 259, Area S, Area Stratum I, TOP SOIL",,
http://library.ucsd.edu/dc/object/bb22881928/_2_2.jpg,"Locus 815, Area F, Area Stratum F3, WALL",,
http://library.ucsd.edu/dc/object/bb2697750b/_2_2.jpg,"Locus 812, Area F, Area Stratum F2a, WALL COLLAPSE",,
http://library.ucsd.edu/dc/object/bb5120982c/_2_2.jpg,"Locus 510, Area M, Area Stratum Ib",,
http://library.ucsd.edu/dc/object/bb5530546g/_4_2.jpg,"Locus R09L072, Area R, Area Stratum R3a, SLAG LAYER",,
http://library.ucsd.edu/dc/object/bb5974233n/_2_2.jpg,"Locus 21, Area A, Area Stratum IIa, FILL",,
http://library.ucsd.edu/dc/object/bb21858030/_9_2.jpg,"Locus 1524, Area T, Area Stratum T2a, ASH LAYER",,
http://library.ucsd.edu/dc/object/bb0376912h/_2_2.jpg,"Locus 647, Area M, Area Stratum M3, SLAG LAYER",,
http://library.ucsd.edu/dc/object/bb2185802g/_5_2.jpg,"Locus w09l089, Area W, Area Stratum 1A, FILL",,
http://library.ucsd.edu/dc/object/bb6179014x/_7_2.jpg,"Locus 1518, Area T, Area Stratum T1b, FILL",,
http://library.ucsd.edu/dc/object/bb1571460k/_2_2.jpg,"Locus 731, Area M, Area Stratum M2a",,
http://library.ucsd.edu/dc/object/bb4711423j/_3_2.jpg,"Locus 34, Area A, Area Stratum IIa, FILL",,
http://library.ucsd.edu/dc/object/bb3585132g/_2_2.jpg,"Locus 1815, Area R, Area Stratum R2a-b, FILL",,
http://library.ucsd.edu/dc/object/bb1503203h/_3_2.jpg,"Locus 903, Area F, Area Stratum F2, FILL/POSSIBLE GRAVE",,
http://library.ucsd.edu/dc/object/bb4199468b/_2_2.jpg,"Locus 676, Area M, Area Stratum M5b",,
http://library.ucsd.edu/dc/object/bb8022032b/_2_2.jpg,"Locus 155, Area A, Area Stratum A1b, FILL",,
http://library.ucsd.edu/dc/object/bb5530544f/_2_2.jpg,"Locus 1546, Area T, Area Stratum T2b, WALL",,
http://library.ucsd.edu/dc/object/bb7578342z/_8_2.jpg,"Locus w09l084, Area W, Area Stratum 2A FLOOR, FLOOR",,
http://library.ucsd.edu/dc/object/bb9421360c/_2_2.jpg,"Locus 1839, Area R, Area Stratum R2b, ASH LAYER",,
http://library.ucsd.edu/dc/object/bb7612471x/_2_2.jpg,"Locus 1806, Area R, Area Stratum R1b, WALL COLLAPSE",,
http://library.ucsd.edu/dc/object/bb78513807/_2_2.jpg,"Locus 1808, Area R, Area Stratum R1b",,
http://library.ucsd.edu/dc/object/bb3789910d/_5_2.jpg,"Locus w09l123, Area W, Area Stratum 1A, WALL COLLAPSE",,
http://library.ucsd.edu/dc/object/bb4609033t/_2_2.jpg,"Locus 1845, Area R, Area Stratum R3a, SLAG LAYER",,
http://library.ucsd.edu/dc/object/bb7305299z/_3_2.jpg,"Locus w09l051, Area W, Area Stratum IB, FILL",,
http://library.ucsd.edu/dc/object/bb93872360/_2_2.jpg,"Locus 608, Area M, Area Stratum M2, SLAG LAYER",,
http://library.ucsd.edu/dc/object/bb5428154q/_5_2.jpg,"Locus 1564, Area T, Area Stratum T3, SLAG LAYER",,
http://library.ucsd.edu/dc/object/bb76466017/_4_2.jpg,"Locus 89, Area A, Area Stratum III, FILL",,
http://library.ucsd.edu/dc/object/bb67250949/_6_2.jpg,"Locus 301, Area S, Area Stratum II A, ASHY SILTY SED",,
http://library.ucsd.edu/dc/object/bb6964000p/_2_2.jpg,"Locus 810, Area F, Area Stratum F1a, FILL",,
http://library.ucsd.edu/dc/object/bb75442149/_3_2.jpg,"Locus 295, Area S, Area Stratum II B, ASHY SILTY SED",,
http://library.ucsd.edu/dc/object/bb0922990v/_2_2.jpg,"Locus 171, Area A, Area Stratum A2a, ASHFILL",,
http://library.ucsd.edu/dc/object/bb3960561r/_2_2.jpg,"Locus 620, Area M, Area Stratum M2, SLAG LAYER",,
http://library.ucsd.edu/dc/object/bb9284844j/_2_2.jpg,"Locus 911, Area F, Area Stratum F2, FILL",,
http://library.ucsd.edu/dc/object/bb07864692/_3_2.jpg,"Locus 353, Area S, Area Stratum IV",,
http://library.ucsd.edu/dc/object/bb6725091r/_4_2.jpg,"Locus w09l086, Area W, Area Stratum 2A FLOOR, FILL",,
http://library.ucsd.edu/dc/object/bb79537738/_3_2.jpg,"Locus 57, Area A, Area Stratum III, ASHFILL",,
http://library.ucsd.edu/dc/object/bb0922991c/_2_2.jpg,"Locus 645, Area M, Area Stratum M1a, FILL",,
http://library.ucsd.edu/dc/object/bb86022442/_4_2.jpg,"Locus 534, Area M, Area Stratum III",,
http://library.ucsd.edu/dc/object/bb6144882n/_3_2.jpg,"Locus 79, Area A, Area Stratum IIa, FILL",,
http://library.ucsd.edu/dc/object/bb6520311g/_2_2.jpg,"Locus 187, Area A, Area Stratum A1b, FILL",,
http://library.ucsd.edu/dc/object/bb43018594/_2_2.jpg,"Locus 844, Area F, Area Stratum F2a, WALL",,
http://library.ucsd.edu/dc/object/bb9728530r/_6_2.jpg,"Locus R09L041, Area R, Area Stratum R1b, FILL",,
http://library.ucsd.edu/dc/object/bb0411042x/_2_2.jpg,"Locus 658, Area M, Area Stratum M3, SLAG LAYER",,
http://library.ucsd.edu/dc/object/bb8533981s/_16_2.jpg,"Locus w09l128, Area W, Area Stratum 2AI, FILL",,
http://library.ucsd.edu/dc/object/bb3107315c/_4_2.jpg,"Locus 1573, Area T, Area Stratum T2b, ASH LAYER",,
http://library.ucsd.edu/dc/object/bb6554440n/_4_2.jpg,"Locus w09l081, Area W, Area Stratum 1A, FILL",,
http://library.ucsd.edu/dc/object/bb84315919/_2_2.jpg,"Locus 297, Area S, Area Stratum II B, WALL",,
http://library.ucsd.edu/dc/object/bb8943544c/_12_2.jpg,"Locus w09l124, Area W, Area Stratum IB, FILL",,
http://library.ucsd.edu/dc/object/bb30390500/_3_2.jpg,"Locus 1513, Area T, Area Stratum T1b, WALL COLL W/FILL",,
http://library.ucsd.edu/dc/object/bb29025296/_4_2.jpg,"Locus 18, Area A, Area Stratum Ib, FILL",,
http://library.ucsd.edu/dc/object/bb3585129m/_2_2.jpg,"Locus 618, Area M, Area Stratum M2b, WALL",,
http://library.ucsd.edu/dc/object/bb2492971z/_2_2.jpg,"Locus 675, Area M, Area Stratum M5a",,
http://library.ucsd.edu/dc/object/bb23905794/_3_2.jpg,"Locus 718, Area M, Area Stratum 1a",,
http://library.ucsd.edu/dc/object/bb3004925z/_6_2.jpg,"Locus 1561, Area T, Area Stratum T2b, ASH LAYER",,
http://library.ucsd.edu/dc/object/bb6690961k/_2_2.jpg,"Locus 683, Area M, Area Stratum M1b",,
http://library.ucsd.edu/dc/object/bb9080064k/_2_2.jpg,"Locus 31, Area A, Area Stratum IIa, FILL",,
http://library.ucsd.edu/dc/object/bb41994716/_5_2.jpg,"Locus 310, Area S, Area Stratum II A, ASH FILL",,
http://library.ucsd.edu/dc/object/bb08206000/_3_2.jpg,"Locus 526, Area M, Area Stratum Ib",,
http://library.ucsd.edu/dc/object/bb3107312t/_2_2.jpg,"Locus 656, Area M, Area Stratum M2b, FILL",,
http://library.ucsd.edu/dc/object/bb8295075d/_7_2.jpg,"Locus 327, Area S, Area Stratum II A, SURFACE",,
http://library.ucsd.edu/dc/object/bb96944053/_9_2.jpg,"Locus 271, Area S, Area Stratum I, FILL",,
http://library.ucsd.edu/dc/object/bb60083627/_4_2.jpg,"Locus R09L131, Area R, Area Stratum R3a, SLAG LAYER",,
http://library.ucsd.edu/dc/object/bb7271172k/_2_2.jpg,"Locus 862, Area F, Area Stratum F2a, FILL",,
http://library.ucsd.edu/dc/object/bb30390521/_2_2.jpg,"Locus 627, Area M, Area Stratum M2a/2b, SLAG LAYER",,
http://library.ucsd.edu/dc/object/bb6622701z/_4_2.jpg,"Locus R09L061, Area R, Area Stratum R1b, FILL",,
http://library.ucsd.edu/dc/object/bb4677293f/_2_2.jpg,"Locus 901, Area F, Area Stratum F2a, FILL",,
http://library.ucsd.edu/dc/object/bb29366638/_8_2.jpg,"Locus w09l070, Area W, Area Stratum 2AI, FILL",,
http://library.ucsd.edu/dc/object/bb9523751c/_4_2.jpg,"Locus R09L126, Area R, Area Stratum R1a, FILL",,
http://library.ucsd.edu/dc/object/bb2970792p/_4_2.jpg,"Locus R09L134, Area R, Area Stratum R1b, FILL",,
http://library.ucsd.edu/dc/object/bb6486185f/_4_2.jpg,"Locus R09L058, Area R, Area Stratum R1b, FILL",,
http://library.ucsd.edu/dc/object/bb3994688k/_3_2.jpg,"Locus R09L127, Area R, Area Stratum R1b, FILL",,
http://library.ucsd.edu/dc/object/bb4950331b/_3_2.jpg,"Locus 537, Area M, Area Stratum Ib",,
http://library.ucsd.edu/dc/object/bb8909410c/_2_2.jpg,"Locus 650, Area M, Area Stratum M1b, FILL",,
http://library.ucsd.edu/dc/object/bb0649952k/_2_2.jpg,"Locus w09l079, Area W, Area Stratum 2AI, FILL",,
http://library.ucsd.edu/dc/object/bb90800611/_2_2.jpg,"Locus 609, Area M, Area Stratum M2, SLAG LAYER",,
http://library.ucsd.edu/dc/object/bb0752341q/_2_2.jpg,"Locus 646, Area M, Area Stratum M2b, INSTALLATION",,
http://library.ucsd.edu/dc/object/bb2527101r/_2_2.jpg,"Locus R09L025, Area R, Area Stratum R1b, FILL",,
http://library.ucsd.edu/dc/object/bb8738763q/_6_2.jpg,"Locus 701, Area M, Area Stratum M1b",,
http://library.ucsd.edu/dc/object/bb4677292x/_6_2.jpg,"Locus R09L003, Area R, Area Stratum R1b, FILL",,
http://library.ucsd.edu/dc/object/bb24929730/_5_2.jpg,"Locus 511, Area M, Area Stratum Ib",,
http://library.ucsd.edu/dc/object/bb4950330t/_5_2.jpg,"Locus 260, Area S, Area Stratum I, TOP SOIL",,
http://library.ucsd.edu/dc/object/bb0069743d/_4_2.jpg,"Locus R09L033, Area R, Area Stratum R1b, FILL",,
http://library.ucsd.edu/dc/object/bb8704629n/_2_2.jpg,"Locus R09L016, Area R, Area Stratum R2b, WALL",,
http://library.ucsd.edu/dc/object/bb1707983v/_3_2.jpg,"Locus 340, Area S, Area Stratum II A, SILTY SED",,
http://library.ucsd.edu/dc/object/bb2936660q/_4_2.jpg,"Locus w09l054, Area W, Area Stratum IA, FILL",,
http://library.ucsd.edu/dc/object/bb24247090/_6_2.jpg,"Locus w09l057, Area W, Area Stratum 1A, WALL COLL W/ FILL",,
http://library.ucsd.edu/dc/object/bb3073183g/_3_2.jpg,"Locus 663, Area M, Area Stratum M1a, FILL",,
http://library.ucsd.edu/dc/object/bb71346548/_5_2.jpg,"Locus 508, Area M, Area Stratum Ib",,
http://library.ucsd.edu/dc/object/bb1093642d/_9_2.jpg,"Locus 263, Area S, Area Stratum I, INSTALLATION",,
http://library.ucsd.edu/dc/object/bb5632933d/_4_2.jpg,"Locus 292, Area S, Area Stratum I, SILTY SED",,
http://library.ucsd.edu/dc/object/bb66568325/_5_2.jpg,"Locus 100, Area A, Area Stratum IVa, COPPER SLAG",,
http://library.ucsd.edu/dc/object/bb4506643d/_2_2.jpg,"Locus 871, Area F, Area Stratum F1b, WALL COLLAPSE/FILL",,
http://library.ucsd.edu/dc/object/bb8841152v/_3_2.jpg,"Locus 308, Area S, Area Stratum V, SURFACE",,
http://library.ucsd.edu/dc/object/bb4233603b/_3_2.jpg,"Locus R09L068, Area R, Area Stratum R1a, WALL COLLAPSE",,
http://library.ucsd.edu/dc/object/bb3141439w/_3_2.jpg,"Locus 257, Area S, Area Stratum I, TOP SOIL",,
http://library.ucsd.edu/dc/object/bb45749024/_2_2.jpg,"Locus 76, Area A, Area Stratum IIb, FILL",,
http://library.ucsd.edu/dc/object/bb3551004t/_2_2.jpg,"Locus 836, Area F, Area Stratum F1a, TOP SOIL/WALL COLLAPSE",,
http://library.ucsd.edu/dc/object/bb70322659/_2_2.jpg,"Locus 882, Area F, Area Stratum BR, STERILE DEPOSIT",,
http://library.ucsd.edu/dc/object/bb72029100/_2_2.jpg,"Locus 892, Area F, Area Stratum F2a, FILL",,
http://library.ucsd.edu/dc/object/bb8841153c/_2_2.jpg,"Locus 170, Area A, Area Stratum A2a, RECONSTRUCT VESSL",,
http://library.ucsd.edu/dc/object/bb02745195/_4_2.jpg,"Locus 102, Area A, Area Stratum IIa, INSTALLATION",,
http://library.ucsd.edu/dc/object/bb16397246/_3_2.jpg,"Locus 255, Area S, Area Stratum I, TOPSOIL",,
http://library.ucsd.edu/dc/object/bb6588573w/_6_2.jpg,"Locus 279, Area S, Area Stratum II A, ASHY SILTY SED",,
http://library.ucsd.edu/dc/object/bb6417921t/_2_2.jpg,"Locus 880, Area F, Area Stratum F2a, FILL",,
http://library.ucsd.edu/dc/object/bb9796794f/_3_2.jpg,"Locus 309, Area S, Area Stratum I, SILTY SED",,
http://library.ucsd.edu/dc/object/bb8841154w/_3_2.jpg,"Locus 635, Area M, Area Stratum 2a, FLOOR",,
http://library.ucsd.edu/dc/object/bb0854734r/_2_2.jpg,"Locus 858, Area F, Area Stratum F2b, FILL",,
http://library.ucsd.edu/dc/object/bb91141918/_3_2.jpg,"Locus 525, Area M, Area Stratum IIb",,
http://library.ucsd.edu/dc/object/bb70322638/_4_2.jpg,"Locus 744, Area M, Area Stratum M2",,
http://library.ucsd.edu/dc/object/bb6486182w/_2_2.jpg,"Locus R09L071, Area R, Area Stratum R3a, FURNACE",,
http://library.ucsd.edu/dc/object/bb95920164/_2_2.jpg,"Locus 825, Area F, Area Stratum F2b, FILL",,
http://library.ucsd.edu/dc/object/bb6588569h/_3_2.jpg,"Locus R09L053, Area R, Area Stratum R1b, FILL",,
http://library.ucsd.edu/dc/object/bb8909411w/_4_2.jpg,"Locus 307, Area S, Area Stratum II A, SILTY SED",,
http://library.ucsd.edu/dc/object/bb6417923v/_4_2.jpg,"Locus 521, Area M, Area Stratum Ib",,
http://library.ucsd.edu/dc/object/bb9114190r/_3_2.jpg,"Locus w09l050, Area W, Area Stratum IB, FILL",,
http://library.ucsd.edu/dc/object/bb4574901m/_10_2.jpg,"Locus 318, Area S, Area Stratum II B, SURFACE",,
http://library.ucsd.edu/dc/object/bb9933311d/_5_2.jpg,"Locus 1503, Area T, Area Stratum T1a, ROCK PILE",,
http://library.ucsd.edu/dc/object/bb3721652f/_2_2.jpg,"Locus 674, Area M, Area Stratum M5a",,
http://library.ucsd.edu/dc/object/bb9933310w/_4_2.jpg,"Locus 80, Area A, Area Stratum III, FILL",,
http://library.ucsd.edu/dc/object/bb87387626/_6_2.jpg,"Locus R09L088, Area R, Area Stratum R1a, WALL COLLAPSE",,
http://library.ucsd.edu/dc/object/bb91824521/_2_2.jpg,"Locus 606, Area M, Area Stratum M2, SLAG LAYER",,
http://library.ucsd.edu/dc/object/bb5189241s/_6_2.jpg,"Locus 507, Area M, Area Stratum Ib",,
http://library.ucsd.edu/dc/object/bb4506641c/_4_2.jpg,"Locus R09L132, Area R, Area Stratum R1b, FILL",,
http://library.ucsd.edu/dc/object/bb6929875s/_2_2.jpg,"Locus 621, Area M, Area Stratum M2, FILL",,
http://library.ucsd.edu/dc/object/bb78855112/_8_2.jpg,"Locus 317, Area S, Area Stratum I, SILTY SED",,
http://library.ucsd.edu/dc/object/bb84657198/_2_2.jpg,"Locus 336, Area S, Area Stratum II B, SILTY SED",,
http://library.ucsd.edu/dc/object/bb1605592v/_2_2.jpg,"Locus R09L089, Area R, Area Stratum R2b, WALL",,
http://library.ucsd.edu/dc/object/bb3994690x/_4_2.jpg,"Locus 1587, Area T, Area Stratum T3, SLAG LAYER",,
http://library.ucsd.edu/dc/object/bb87728903/_3_2.jpg,"Locus 649, Area M, Area Stratum M1a, FILL",,
http://library.ucsd.edu/dc/object/bb4779682d/_3_2.jpg,"Locus 303, Area S, Area Stratum III, SURFACE",,
http://library.ucsd.edu/dc/object/bb86705028/_2_2.jpg,"Locus 192, Area A, Area Stratum A3+A2b, FILL",,
http://library.ucsd.edu/dc/object/bb11619005/_4_2.jpg,"Locus 708, Area M, Area Stratum M2a",,
http://library.ucsd.edu/dc/object/bb91483244/_3_2.jpg,"Locus R09L024, Area R, Area Stratum R1b, FILL",,
http://library.ucsd.edu/dc/object/bb48138131/_2_2.jpg,"Locus 62, Area A, Area Stratum IIa, FILL",,
http://library.ucsd.edu/dc/object/bb2970794q/_3_2.jpg,"Locus R09L098, Area R, Area Stratum R1b, FILL",,
http://library.ucsd.edu/dc/object/bb53257649/_2_2.jpg,"Locus 543, Area M, Area Stratum Ib",,
http://library.ucsd.edu/dc/object/bb0138004n/_9_2.jpg,"Locus 316, Area S, Area Stratum I, SILTY SED",,
http://library.ucsd.edu/dc/object/bb8397464c/_5_2.jpg,"Locus 284, Area S, Area Stratum II B, ASHY SILTY SED",,
http://library.ucsd.edu/dc/object/bb8397463v/_2_2.jpg,"Locus 1, Area A, Area Stratum Ia",,
http://library.ucsd.edu/dc/object/bb79537717/_2_2.jpg,"Locus 169, Area A, Area Stratum A1b, FILL",,
http://library.ucsd.edu/dc/object/bb3312092b/_3_2.jpg,"Locus 350, Area S, Area Stratum IV",,
http://library.ucsd.edu/dc/object/bb4916203f/_3_2.jpg,"Locus R09L001, Area R, Area Stratum R1a, WALL COLLAPSE",,
http://library.ucsd.edu/dc/object/bb3209704b/_2_2.jpg,"Locus 644, Area M, Area Stratum 1a, FILL",,
http://library.ucsd.edu/dc/object/bb9182451h/_4_2.jpg,"Locus 1817, Area R, Area Stratum R1b-2a, FILL",,
http://library.ucsd.edu/dc/object/bb1196033b/_4_2.jpg,"Locus 523, Area M, Area Stratum Ib",,
http://library.ucsd.edu/dc/object/bb0684084g/_4_2.jpg,"Locus 509, Area M, Area Stratum Ib",,
http://library.ucsd.edu/dc/object/bb68957420/_2_2.jpg,"Locus 25, Area A, Area Stratum IIa, INSTALLATION",,
http://library.ucsd.edu/dc/object/bb08206021/_2_2.jpg,"Locus R09L085, Area R, Area Stratum R1a, WALL COLLAPSE",,
http://library.ucsd.edu/dc/object/bb4267732h/_3_2.jpg,"Locus 351, Area S, Area Stratum IV",,
http://library.ucsd.edu/dc/object/bb25271028/_3_2.jpg,"Locus 256, Area S, Area Stratum I, TOPSOIL",,
http://library.ucsd.edu/dc/object/bb8329202q/_3_2.jpg,"Locus 503, Area M, Area Stratum Ib",,
http://library.ucsd.edu/dc/object/bb3687521f/_7_2.jpg,"Locus 264, Area S, Area Stratum I, WALL",,
http://library.ucsd.edu/dc/object/bb66227051/_2_2.jpg,"Locus 906, Area F, Area Stratum F2, FILL",,
http://library.ucsd.edu/dc/object/bb5462282m/_3_2.jpg,"Locus 527, Area M, Area Stratum IIb",,
http://library.ucsd.edu/dc/object/bb8431594v/_4_2.jpg,"Locus 516, Area M, Area Stratum Ib",,
http://library.ucsd.edu/dc/object/bb3209703t/_3_2.jpg,"Locus 1606, Area T, Area Stratum T3, ASHFILL",,
http://library.ucsd.edu/dc/object/bb8909413x/_7_2.jpg,"Locus 1519, Area T, Area Stratum T1b, FILL",,
http://library.ucsd.edu/dc/object/bb82268108/_6_2.jpg,"Locus 324, Area S, Area Stratum II B, FURNACE",,
http://library.ucsd.edu/dc/object/bb2663622p/_2_2.jpg,"Locus 193, Area A, FILL",,
http://library.ucsd.edu/dc/object/bb89776700/_4_2.jpg,"Locus 532, Area M, Area Stratum Ib",,
http://library.ucsd.edu/dc/object/bb0684082f/_11_2.jpg,"Locus R09L043, Area R, Area Stratum R1b, FILL",,
http://library.ucsd.edu/dc/object/bb6622702g/_3_2.jpg,"Locus 655, Area M, Area Stratum 2b, FILL",,
http://library.ucsd.edu/dc/object/bb0752343r/_5_2.jpg,"Locus R09L117, Area R, Area Stratum R3a, SLAG LAYER",,
http://library.ucsd.edu/dc/object/bb8738765r/_5_2.jpg,"Locus 55, Area A, Area Stratum Ib, FILL",,
http://library.ucsd.edu/dc/object/bb0103872c/_5_2.jpg,"Locus 285, Area S, Area Stratum II B, INSTALLATION",,
http://library.ucsd.edu/dc/object/bb4131214c/_2_2.jpg,"Locus 641, Area M, Area Stratum M2b, SLAG LAYER",,
http://library.ucsd.edu/dc/object/bb12984229/_5_2.jpg,"Locus 261, Area S, Area Stratum I, TOP SOIL",,
http://library.ucsd.edu/dc/object/bb9967442m/_3_2.jpg,"Locus 321, Area S, Area Stratum II B, ASH LAYER",,
http://library.ucsd.edu/dc/object/bb65544415/_2_2.jpg,"Locus 637, Area M, Area Stratum 2b, WALL",,
http://library.ucsd.edu/dc/object/bb69639999/_2_2.jpg,"Locus 1844, Area R, Area Stratum R3a, SLAG LAYER",,
http://library.ucsd.edu/dc/object/bb02062618/_2_2.jpg,"Locus 293, Area S, Area Stratum I, TOP SOIL",,
http://library.ucsd.edu/dc/object/bb2424708g/_2_2.jpg,"Locus 314, Area S, Area Stratum II B, WALL",,
http://library.ucsd.edu/dc/object/bb6827486t/_2_2.jpg,"Locus 696, Area M, Area Stratum M2b",,
http://library.ucsd.edu/dc/object/bb5325766b/_3_2.jpg,"Locus 530, Area M, Area Stratum Ib",,
http://library.ucsd.edu/dc/object/bb9045934q/_3_2.jpg,"Locus 344, Area S, Area Stratum III, SURFACE",,
http://library.ucsd.edu/dc/object/bb8943545w/_2_2.jpg,"Locus 888, Area F, Area Stratum F2b, FILL/WALL COLLAPSE",,
http://library.ucsd.edu/dc/object/bb44725156/_6_2.jpg,"Locus 262, Area S, Area Stratum I, TOP SOIL",,
http://library.ucsd.edu/dc/object/bb1298424b/_5_2.jpg,"Locus 3, Area A, Area Stratum Ib, FILL",,
http://library.ucsd.edu/dc/object/bb5257499m/_3_2.jpg,"Locus 323, Area S, Area Stratum II B, ASHY SILTY SED",,
http://library.ucsd.edu/dc/object/bb23564543/_3_2.jpg,"Locus w09l104, Area W, Area Stratum 3, FILL",,
http://library.ucsd.edu/dc/object/bb7168781d/_2_2.jpg,"Locus 864, Area F, Area Stratum F1a, TOP SOIL",,
http://library.ucsd.edu/dc/object/bb8807022x/_2_2.jpg,"Locus 1832, Area R, Area Stratum R3a, SLAG LAYER",,
http://library.ucsd.edu/dc/object/bb70663882/_4_2.jpg,"Locus 152, Area A, Area Stratum A1a, WALL COLLAPSE",,
http://library.ucsd.edu/dc/object/bb7305301x/_4_2.jpg,"Locus 538, Area M, Area Stratum Ib",,
http://library.ucsd.edu/dc/object/bb0615823d/_3_2.jpg,"Locus R09L019, Area R, Area Stratum R1a, WALL COLLAPSE",,
http://library.ucsd.edu/dc/object/bb8807023f/_8_2.jpg,"Locus 312, Area S, Area Stratum I, SILTY SED",,
http://library.ucsd.edu/dc/object/bb7612472f/_5_2.jpg,"Locus 541, Area M, Area Stratum Ib",,
http://library.ucsd.edu/dc/object/bb1981022n/_2_2.jpg,"Locus 540, Area M, Area Stratum Ib",,
http://library.ucsd.edu/dc/object/bb83292037/_5_2.jpg,"Locus 539, Area M, Area Stratum Ib",,
http://library.ucsd.edu/dc/object/bb0752345s/_2_2.jpg,"Locus w09l004, Area W, Area Stratum 1A, FILL",,
http://library.ucsd.edu/dc/object/bb0615820v/_4_2.jpg,"Locus 345, Area S, Area Stratum III, SURFACE",,
http://library.ucsd.edu/dc/object/bb2356453k/_5_2.jpg,"Locus 278, Area S, Area Stratum I, SURFACE",,
http://library.ucsd.edu/dc/object/bb0649950j/_5_2.jpg,"Locus 1541, Area T, Area Stratum T2a, ASH LAYER",,
http://library.ucsd.edu/dc/object/bb8670501r/_6_2.jpg,"Locus 1565, Area T, Area Stratum T2a, ASH LAYER",,
http://library.ucsd.edu/dc/object/bb0376910g/_2_2.jpg,"Locus 603, Area M, Area Stratum M1a1, TOP SOIL",,
http://library.ucsd.edu/dc/object/bb2288191r/_4_2.jpg,"Locus 505, Area M, Area Stratum Ib",,
http://library.ucsd.edu/dc/object/bb9694402j/_6_2.jpg,"Locus 1552, Area T, Area Stratum T2a, FILL",,
http://library.ucsd.edu/dc/object/bb0615821c/_2_2.jpg,"Locus 665, Area M, Area Stratum M3, SLAG LAYER",,
http://library.ucsd.edu/dc/object/bb90459357/_5_2.jpg,"Locus 1531, Area T, Area Stratum T2a, BELLOWS TUBE/CERAMIC",,
http://library.ucsd.edu/dc/object/bb9080060h/_2_2.jpg,"Locus 639, Area M, Area Stratum M2b, WALL",,
http://library.ucsd.edu/dc/object/bb78172509/_2_2.jpg,"Locus 636, Area M, Area Stratum 3, SLAG LAYER",,
http://library.ucsd.edu/dc/object/bb8499850s/_4_2.jpg,"Locus 52, Area A, Area Stratum IIa, FILL",,
http://library.ucsd.edu/dc/object/bb8022033v/_6_2.jpg,"Locus 300, Area S, Area Stratum I, SILTY SED",,
http://library.ucsd.edu/dc/object/bb7851381r/_2_2.jpg,"Locus 298, Area S, Area Stratum II B, WALL",,
http://library.ucsd.edu/dc/object/bb8363330m/_3_2.jpg,"Locus 514, Area M, Area Stratum Ib",,
http://library.ucsd.edu/dc/object/bb67592212/_3_2.jpg,"Locus 78, Area A, Area Stratum IIb, FILL",,
http://library.ucsd.edu/dc/object/bb63496611/_5_2.jpg,"Locus 270, Area S, Area Stratum I, WALL",,
http://library.ucsd.edu/dc/object/bb1673853m/_4_2.jpg,"Locus 299, Area S, Area Stratum I, SILTY SED",,
http://library.ucsd.edu/dc/object/bb4370121n/_4_2.jpg,"Locus 281, Area S, Area Stratum II A/B, ASH LAYER",,
http://library.ucsd.edu/dc/object/bb7612469k/_2_2.jpg,"Locus R09L011, Area R, Area Stratum R1b, FILL",,
http://library.ucsd.edu/dc/object/bb64520526/_5_2.jpg,"Locus 335, Area S, Area Stratum I, TOP SOIL",,
http://library.ucsd.edu/dc/object/bb96602727/_2_2.jpg,"Locus 184, Area A, Area Stratum A1b, FILL",,
http://library.ucsd.edu/dc/object/bb2458844k/_5_2.jpg,"Locus 1563, Area T, Area Stratum T3, FILL",,
http://library.ucsd.edu/dc/object/bb87046310/_3_2.jpg,"Locus R09L136, Area R, Area Stratum R1b/R2a, FLOOR",,
http://library.ucsd.edu/dc/object/bb2902531j/_8_2.jpg,"Locus 283, Area S, Area Stratum I, TOP SOIL",,
http://library.ucsd.edu/dc/object/bb7953769w/_2_2.jpg,"Locus R09L021, Area R, Area Stratum R1b, FILL",,
http://library.ucsd.edu/dc/object/bb4028822p/_2_2.jpg,"Locus 97, Area A, Area Stratum III, FILL",,
http://library.ucsd.edu/dc/object/bb6144879s/_2_2.jpg,"Locus 529, Area M, Area Stratum Ib",,
http://library.ucsd.edu/dc/object/bb50185956/_3_2.jpg,"Locus 728, Area M, Area Stratum M2a",,
http://library.ucsd.edu/dc/object/bb37557845/_4_2.jpg,"Locus 311, Area S, Area Stratum II B, ASHY SILTY SED",,
http://library.ucsd.edu/dc/object/bb8704630g/_4_2.jpg,"Locus 99, Area A, Area Stratum IIb, FURNACE",,
http://library.ucsd.edu/dc/object/bb86705007/_7_2.jpg,"Locus 37, Area A, Area Stratum IIb, ASHFILL",,
http://library.ucsd.edu/dc/object/bb43018620/_2_2.jpg,"Locus 165, Area A, Area Stratum A1b, INSTALLATION",,
http://library.ucsd.edu/dc/object/bb3926432b/_2_2.jpg,"Locus 816, Area F, Area Stratum F2a, FILL",,
http://library.ucsd.edu/dc/object/bb24588453/_4_2.jpg,"Locus 693, Area M, Area Stratum M1b",,
http://library.ucsd.edu/dc/object/bb3073180x/_2_2.jpg,"Locus 863, Area F, Area Stratum F2a, ASH LAYER",,
http://library.ucsd.edu/dc/object/bb40970806/_3_2.jpg,"Locus R09L076, Area R, Area Stratum R1b, FILL",,
http://library.ucsd.edu/dc/object/bb4643161q/_2_2.jpg,"Locus 819, Area F, Area Stratum F1a, FILL",,
http://library.ucsd.edu/dc/object/bb8875279p/_5_2.jpg,"Locus 265, Area S, Area Stratum I, WALL",,
http://library.ucsd.edu/dc/object/bb2458846m/_3_2.jpg,"Locus 81, Area A, Area Stratum Ia, TOP SOIL",,
http://library.ucsd.edu/dc/object/bb0888859j/_4_2.jpg,"Locus w09l125, Area W, Area Stratum IB, ASHFILL",,
http://library.ucsd.edu/dc/object/bb15714613/_2_2.jpg,"Locus 756, Area M, Area Stratum M2b",,
http://library.ucsd.edu/dc/object/bb3926435w/_5_2.jpg,"Locus 1523, Area T, Area Stratum T1b, WALL COLL W/FILL",,
http://library.ucsd.edu/dc/object/bb6213142c/_3_2.jpg,"Locus 182, Area A, ASH LAYER",,
http://library.ucsd.edu/dc/object/bb0786472x/_4_2.jpg,"Locus R09L044, Area R, Area Stratum R2b, FILL",,
http://library.ucsd.edu/dc/object/bb4779684f/_4_2.jpg,"Locus 43, Area A, Area Stratum Ib, FILL",,
http://library.ucsd.edu/dc/object/bb6793352h/_3_2.jpg,"Locus 341, Area S, Area Stratum III, SURFACE",,
http://library.ucsd.edu/dc/object/bb1605591b/_3_2.jpg,"Locus 331, Area S, Area Stratum II A, SILTY SED",,
http://library.ucsd.edu/dc/object/bb03769110/_3_2.jpg,"Locus 517, Area M, Area Stratum Ib",,
http://library.ucsd.edu/dc/object/bb6213141v/_2_2.jpg,"Locus 67, Area A, Area Stratum IVb, FILL",,
http://library.ucsd.edu/dc/object/bb8772891m/_5_2.jpg,"Locus 531, Area M, Area Stratum Ib",,
http://library.ucsd.edu/dc/object/bb7817251t/_3_2.jpg,"Locus R09L045, Area R, Area Stratum R1b, FILL",,
http://library.ucsd.edu/dc/object/bb83633314/_2_2.jpg,"Locus w09l067, Area W, Area Stratum 1A, FILL",,
http://library.ucsd.edu/dc/object/bb6179015f/_6_2.jpg,"Locus 269, Area S, Area Stratum I, WALL",,
http://library.ucsd.edu/dc/object/bb0786470w/_6_2.jpg,"Locus w09l082, Area W, Area Stratum 2AI, FILL",,
http://library.ucsd.edu/dc/object/bb6213140b/_8_2.jpg,"Locus 1566, Area T, Area Stratum T3, FILL",,
http://library.ucsd.edu/dc/object/bb0786471d/_2_2.jpg,"Locus 823, Area F, Area Stratum F1a, FILL",,
http://library.ucsd.edu/dc/object/bb7168782x/_2_2.jpg,"Locus 118, Area R",,
http://library.ucsd.edu/dc/object/bb51551113/_5_2.jpg,"Locus 342, Area S, Area Stratum III, COPPER SLAG",,
